mysql> USE pubs;
Database changed
mysql> -- 1
mysql> SELECT * FROM titles;
+----------+-----------------------------------------------------------------+--------------+--------+---------+------------+---------+-----------+-------------------------------------------------------------------------------------------------------------------------------------------------------------------------------------+------------+
| title_id | title                                                           | type         | pub_id | price   | advance    | royalty | ytd_sales | notes                                                                                                                                                                               | pubdate    |
+----------+-----------------------------------------------------------------+--------------+--------+---------+------------+---------+-----------+-------------------------------------------------------------------------------------------------------------------------------------------------------------------------------------+------------+
| BU1032   | The Busy Executive's Database Guide                             | business     | 1389   | 19.9900 |  5000.0000 |      10 |      4095 | An overview of available database systems with emphasis on common business applications. Illustrated.                                                                               | 1991-06-12 |
| BU1111   | Cooking with Computers: Surreptitious Balance Sheets            | business     | 1389   | 11.9500 |  5000.0000 |      10 |      3876 | Helpful hints on how to use your electronic resources to the best advantage.                                                                                                        | 1991-06-09 |
| BU2075   | You Can Combat Computer Stress!                                 | business     | 0736   |  2.9900 | 10125.0000 |      24 |     18722 | The latest medical and psychological techniques for living with the electronic office. Easy-to-understand explanations.                                                             | 1991-06-30 |
| BU7832   | Straight Talk About Computers                                   | business     | 1389   | 19.9900 |  5000.0000 |      10 |      4095 | Annotated analysis of what computers can do for you: a no-hype guide for the critical user.                                                                                         | 1991-06-22 |
| MC2222   | Silicon Valley Gastronomic Treats                               | mod_cook     | 0877   | 19.9900 |     0.0000 |      12 |      2032 | Favorite recipes for quick, easy, and elegant meals.                                                                                                                                | 1991-06-09 |
| MC3021   | The Gourmet Microwave                                           | mod_cook     | 0877   |  2.9900 | 15000.0000 |      24 |     22246 | Traditional French gourmet recipes adapted for modern microwave cooking.                                                                                                            | 1991-06-18 |
| MC3026   | The Psychology of Computer Cooking                              | UNDECIDED    | 0877   |    NULL |       NULL |    NULL |      NULL | NULL                                                                                                                                                                                | NULL       |
| PC1035   | But Is It User Friendly?                                        | popular_comp | 1389   | 22.9500 |  7000.0000 |      16 |      8780 | A survey of software for the naive user, focusing on the 'friendliness' of each.                                                                                                    | 1991-06-30 |
| PC8888   | Secrets of Silicon Valley                                       | popular_comp | 1389   | 20.0000 |  8000.0000 |      10 |      4095 | Muckraking reporting on the world's largest computer hardware and software manufacturers.                                                                                           | 1994-06-12 |
| PC9999   | Net Etiquette                                                   | popular_comp | 1389   |    NULL |       NULL |    NULL |      NULL | A must-read for computer conferencing.                                                                                                                                              | NULL       |
| PS1372   | Computer Phobic AND Non-Phobic Individuals: Behavior Variations | psychology   | 0877   | 21.5900 |  7000.0000 |      10 |       375 | A must for the specialist, this book examines the difference between those who hate and fear computers and those who don't.                                                         | 1991-10-21 |
| PS2091   | Is Anger the Enemy?                                             | psychology   | 0736   | 10.9500 |  2275.0000 |      12 |      2045 | Carefully researched study of the effects of strong emotions on the body. Metabolic charts included.                                                                                | 1991-06-15 |
| PS2106   | Life Without Fear                                               | psychology   | 0736   |  7.0000 |  6000.0000 |      10 |       111 | New exercise, meditation, and nutritional techniques that can reduce the shock of daily interactions. Popular audience. Sample menus included, exercise video available separately. | 1991-10-05 |
| PS3333   | Prolonged Data Deprivation: Four Case Studies                   | psychology   | 0736   | 19.9900 |  2000.0000 |      10 |      4072 | What happens when the data runs dry?  Searching evaluations of information-shortage effects.                                                                                        | 1991-06-12 |
| PS7777   | Emotional Security: A New Algorithm                             | psychology   | 0736   |  7.9900 |  4000.0000 |      10 |      3336 | Protecting yourself and your loved ones from undue emotional stress in the modern world. Use of computer and nutritional aids emphasized.                                           | 1991-06-12 |
| TC3218   | Onions, Leeks, and Garlic: Cooking Secrets of the Mediterranean | trad_cook    | 0877   | 20.9500 |  7000.0000 |      10 |       375 | Profusely illustrated in color, this makes a wonderful gift book for a cuisine-oriented friend.                                                                                     | 1991-10-21 |
| TC4203   | Fifty Years in Buckingham Palace Kitchens                       | trad_cook    | 0877   | 11.9500 |  4000.0000 |      14 |     15096 | More anecdotes from the Queen's favorite cook describing life among English royalty. Recipes, techniques, tender vignettes.                                                         | 1991-06-12 |
| TC7777   | Sushi, Anyone?                                                  | trad_cook    | 0877   | 14.9900 |  8000.0000 |      10 |      4095 | Detailed instructions on how to make authentic Japanese sushi in your spare time.                                                                                                   | 1991-06-12 |
+----------+-----------------------------------------------------------------+--------------+--------+---------+------------+---------+-----------+-------------------------------------------------------------------------------------------------------------------------------------------------------------------------------------+------------+
18 rows in set (0.01 sec)

mysql> SELECT * FROM publishers;
+--------+-----------------------+------------+-------+---------+
| pub_id | pub_name              | city       | state | country |
+--------+-----------------------+------------+-------+---------+
| 0736   | New Moon Books        | Boston     | MA    | USA     |
| 0877   | Binnet & Hardley      | Washington | DC    | USA     |
| 1389   | Algodata Infosystems  | Berkeley   | CA    | USA     |
| 1622   | Five Lakes Publishing | Chicago    | IL    | USA     |
| 1756   | Ramona Publishers     | Dallas     | TX    | USA     |
| 9901   | GGG&G                 | MGnchen    | NULL  | Germany |
| 9952   | Scootney Books        | New York   | NY    | USA     |
| 9999   | Lucerne Publishing    | Paris      | NULL  | France  |
+--------+-----------------------+------------+-------+---------+
8 rows in set (0.01 sec)

mysql> -- 2
mysql> SELECT t.title, p.pub_name FROM titles t JOIN publishers p ON p.pub_id = t.pub_id;
+-----------------------------------------------------------------+----------------------+
| title                                                           | pub_name             |
+-----------------------------------------------------------------+----------------------+
| The Busy Executive's Database Guide                             | Algodata Infosystems |
| Cooking with Computers: Surreptitious Balance Sheets            | Algodata Infosystems |
| You Can Combat Computer Stress!                                 | New Moon Books       |
| Straight Talk About Computers                                   | Algodata Infosystems |
| Silicon Valley Gastronomic Treats                               | Binnet & Hardley     |
| The Gourmet Microwave                                           | Binnet & Hardley     |
| The Psychology of Computer Cooking                              | Binnet & Hardley     |
| But Is It User Friendly?                                        | Algodata Infosystems |
| Secrets of Silicon Valley                                       | Algodata Infosystems |
| Net Etiquette                                                   | Algodata Infosystems |
| Computer Phobic AND Non-Phobic Individuals: Behavior Variations | Binnet & Hardley     |
| Is Anger the Enemy?                                             | New Moon Books       |
| Life Without Fear                                               | New Moon Books       |
| Prolonged Data Deprivation: Four Case Studies                   | New Moon Books       |
| Emotional Security: A New Algorithm                             | New Moon Books       |
| Onions, Leeks, and Garlic: Cooking Secrets of the Mediterranean | Binnet & Hardley     |
| Fifty Years in Buckingham Palace Kitchens                       | Binnet & Hardley     |
| Sushi, Anyone?                                                  | Binnet & Hardley     |
+-----------------------------------------------------------------+----------------------+
18 rows in set (0.03 sec)

mysql> -- 3
mysql> SELECT * FROM titles;
+----------+-----------------------------------------------------------------+--------------+--------+---------+------------+---------+-----------+-------------------------------------------------------------------------------------------------------------------------------------------------------------------------------------+------------+
| title_id | title                                                           | type         | pub_id | price   | advance    | royalty | ytd_sales | notes                                                                                                                                                                               | pubdate    |
+----------+-----------------------------------------------------------------+--------------+--------+---------+------------+---------+-----------+-------------------------------------------------------------------------------------------------------------------------------------------------------------------------------------+------------+
| BU1032   | The Busy Executive's Database Guide                             | business     | 1389   | 19.9900 |  5000.0000 |      10 |      4095 | An overview of available database systems with emphasis on common business applications. Illustrated.                                                                               | 1991-06-12 |
| BU1111   | Cooking with Computers: Surreptitious Balance Sheets            | business     | 1389   | 11.9500 |  5000.0000 |      10 |      3876 | Helpful hints on how to use your electronic resources to the best advantage.                                                                                                        | 1991-06-09 |
| BU2075   | You Can Combat Computer Stress!                                 | business     | 0736   |  2.9900 | 10125.0000 |      24 |     18722 | The latest medical and psychological techniques for living with the electronic office. Easy-to-understand explanations.                                                             | 1991-06-30 |
| BU7832   | Straight Talk About Computers                                   | business     | 1389   | 19.9900 |  5000.0000 |      10 |      4095 | Annotated analysis of what computers can do for you: a no-hype guide for the critical user.                                                                                         | 1991-06-22 |
| MC2222   | Silicon Valley Gastronomic Treats                               | mod_cook     | 0877   | 19.9900 |     0.0000 |      12 |      2032 | Favorite recipes for quick, easy, and elegant meals.                                                                                                                                | 1991-06-09 |
| MC3021   | The Gourmet Microwave                                           | mod_cook     | 0877   |  2.9900 | 15000.0000 |      24 |     22246 | Traditional French gourmet recipes adapted for modern microwave cooking.                                                                                                            | 1991-06-18 |
| MC3026   | The Psychology of Computer Cooking                              | UNDECIDED    | 0877   |    NULL |       NULL |    NULL |      NULL | NULL                                                                                                                                                                                | NULL       |
| PC1035   | But Is It User Friendly?                                        | popular_comp | 1389   | 22.9500 |  7000.0000 |      16 |      8780 | A survey of software for the naive user, focusing on the 'friendliness' of each.                                                                                                    | 1991-06-30 |
| PC8888   | Secrets of Silicon Valley                                       | popular_comp | 1389   | 20.0000 |  8000.0000 |      10 |      4095 | Muckraking reporting on the world's largest computer hardware and software manufacturers.                                                                                           | 1994-06-12 |
| PC9999   | Net Etiquette                                                   | popular_comp | 1389   |    NULL |       NULL |    NULL |      NULL | A must-read for computer conferencing.                                                                                                                                              | NULL       |
| PS1372   | Computer Phobic AND Non-Phobic Individuals: Behavior Variations | psychology   | 0877   | 21.5900 |  7000.0000 |      10 |       375 | A must for the specialist, this book examines the difference between those who hate and fear computers and those who don't.                                                         | 1991-10-21 |
| PS2091   | Is Anger the Enemy?                                             | psychology   | 0736   | 10.9500 |  2275.0000 |      12 |      2045 | Carefully researched study of the effects of strong emotions on the body. Metabolic charts included.                                                                                | 1991-06-15 |
| PS2106   | Life Without Fear                                               | psychology   | 0736   |  7.0000 |  6000.0000 |      10 |       111 | New exercise, meditation, and nutritional techniques that can reduce the shock of daily interactions. Popular audience. Sample menus included, exercise video available separately. | 1991-10-05 |
| PS3333   | Prolonged Data Deprivation: Four Case Studies                   | psychology   | 0736   | 19.9900 |  2000.0000 |      10 |      4072 | What happens when the data runs dry?  Searching evaluations of information-shortage effects.                                                                                        | 1991-06-12 |
| PS7777   | Emotional Security: A New Algorithm                             | psychology   | 0736   |  7.9900 |  4000.0000 |      10 |      3336 | Protecting yourself and your loved ones from undue emotional stress in the modern world. Use of computer and nutritional aids emphasized.                                           | 1991-06-12 |
| TC3218   | Onions, Leeks, and Garlic: Cooking Secrets of the Mediterranean | trad_cook    | 0877   | 20.9500 |  7000.0000 |      10 |       375 | Profusely illustrated in color, this makes a wonderful gift book for a cuisine-oriented friend.                                                                                     | 1991-10-21 |
| TC4203   | Fifty Years in Buckingham Palace Kitchens                       | trad_cook    | 0877   | 11.9500 |  4000.0000 |      14 |     15096 | More anecdotes from the Queen's favorite cook describing life among English royalty. Recipes, techniques, tender vignettes.                                                         | 1991-06-12 |
| TC7777   | Sushi, Anyone?                                                  | trad_cook    | 0877   | 14.9900 |  8000.0000 |      10 |      4095 | Detailed instructions on how to make authentic Japanese sushi in your spare time.                                                                                                   | 1991-06-12 |
+----------+-----------------------------------------------------------------+--------------+--------+---------+------------+---------+-----------+-------------------------------------------------------------------------------------------------------------------------------------------------------------------------------------+------------+
18 rows in set (0.00 sec)

mysql> SELECT titles.title_id, titles.ytd_sales, titles.title, SUM(titles.ytd_sales) "Total Sales", publishers.pub_id, publishers.pub_name FROM titles, publishers WHERE titles.pub_id = publishers.pub_id group by publishers.pub_name;
+----------+-----------+-------------------------------------+-------------+--------+----------------------+
| title_id | ytd_sales | title                               | Total Sales | pub_id | pub_name             |
+----------+-----------+-------------------------------------+-------------+--------+----------------------+
| BU1032   |      4095 | The Busy Executive's Database Guide |       24941 | 1389   | Algodata Infosystems |
| BU2075   |     18722 | You Can Combat Computer Stress!     |       28286 | 0736   | New Moon Books       |
| MC2222   |      2032 | Silicon Valley Gastronomic Treats   |       44219 | 0877   | Binnet & Hardley     |
+----------+-----------+-------------------------------------+-------------+--------+----------------------+
3 rows in set (0.01 sec)

mysql> SELECT t.ytd_sales, p.pub_name FROM titles t JOIN publishers p ON p.pub_id = t.pub_id GROUP BY p.pub_name;
+-----------+----------------------+
| ytd_sales | pub_name             |
+-----------+----------------------+
|      4095 | Algodata Infosystems |
|     18722 | New Moon Books       |
|      2032 | Binnet & Hardley     |
+-----------+----------------------+
3 rows in set (0.00 sec)

mysql> -- 4
mysql> SELECT * FROM authors;
+-------------+----------------+-------------+--------------+----------------------+----------------+-------+-------+----------+
| au_id       | au_lname       | au_fname    | phone        | address              | city           | state | zip   | contract |
+-------------+----------------+-------------+--------------+----------------------+----------------+-------+-------+----------+
| 172-32-1176 | White          | Johnson     | 408 496-7223 | 10932 Bigge Rd.      | Menlo Park     | CA    | 94025 |        1 |
| 213-46-8915 | Green          | Marjorie    | 415 986-7020 | 309 63rd St. #411    | Oakland        | CA    | 94618 |        1 |
| 238-95-7766 | Carson         | Cheryl      | 415 548-7723 | 589 Darwin Ln.       | Berkeley       | CA    | 94705 |        1 |
| 267-41-2394 | O'Leary        | Michael     | 408 286-2428 | 22 Cleveland Av. #14 | San Jose       | CA    | 95128 |        1 |
| 274-80-9391 | Straight       | Dean        | 415 834-2919 | 5420 College Av.     | Oakland        | CA    | 94609 |        1 |
| 341-22-1782 | Smith          | Meander     | 913 843-0462 | 10 Mississippi Dr.   | Lawrence       | KS    | 66044 |        0 |
| 409-56-7008 | Bennet         | Abraham     | 415 658-9932 | 6223 Bateman St.     | Berkeley       | CA    | 94705 |        1 |
| 427-17-2319 | Dull           | Ann         | 415 836-7128 | 3410 Blonde St.      | Palo Alto      | CA    | 94301 |        1 |
| 472-27-2349 | Gringlesby     | Burt        | 707 938-6445 | PO Box 792           | Covelo         | CA    | 95428 |        3 |
| 486-29-1786 | Locksley       | Charlene    | 415 585-4620 | 18 Broadway Av.      | San Francisco  | CA    | 94130 |        1 |
| 527-72-3246 | Greene         | Morningstar | 615 297-2723 | 22 Graybar House Rd. | Nashville      | TN    | 37215 |        0 |
| 648-92-1872 | Blotchet-Halls | Reginald    | 503 745-6402 | 55 Hillsdale Bl.     | Corvallis      | OR    | 97330 |        1 |
| 672-71-3249 | Yokomoto       | Akiko       | 415 935-4228 | 3 Silver Ct.         | Walnut Creek   | CA    | 94595 |        1 |
| 712-45-1867 | del Castillo   | Innes       | 615 996-8275 | 2286 Cram Pl. #86    | Ann Arbor      | MI    | 48105 |        1 |
| 722-51-5454 | DeFrance       | Michel      | 219 547-9982 | 3 Balding Pl.        | Gary           | IN    | 46403 |        1 |
| 724-08-9931 | Stringer       | Dirk        | 415 843-2991 | 5420 Telegraph Av.   | Oakland        | CA    | 94609 |        0 |
| 724-80-9391 | MacFeather     | Stearns     | 415 354-7128 | 44 Upland Hts.       | Oakland        | CA    | 94612 |        1 |
| 756-30-7391 | Karsen         | Livia       | 415 534-9219 | 5720 McAuley St.     | Oakland        | CA    | 94609 |        1 |
| 807-91-6654 | Panteley       | Sylvia      | 301 946-8853 | 1956 Arlington Pl.   | Rockville      | MD    | 20853 |        1 |
| 846-92-7186 | Hunter         | Sheryl      | 415 836-7128 | 3410 Blonde St.      | Palo Alto      | CA    | 94301 |        1 |
| 893-72-1158 | McBadden       | Heather     | 707 448-4982 | 301 Putnam           | Vacaville      | CA    | 95688 |        0 |
| 899-46-2035 | Ringer         | Anne        | 801 826-0752 | 67 Seventh Av.       | Salt Lake City | UT    | 84152 |        1 |
| 998-72-3567 | Ringer         | Albert      | 801 826-0752 | 67 Seventh Av.       | Salt Lake City | UT    | 84152 |        1 |
+-------------+----------------+-------------+--------------+----------------------+----------------+-------+-------+----------+
23 rows in set (0.01 sec)

mysql> select * from publishers;
+--------+-----------------------+------------+-------+---------+
| pub_id | pub_name              | city       | state | country |
+--------+-----------------------+------------+-------+---------+
| 0736   | New Moon Books        | Boston     | MA    | USA     |
| 0877   | Binnet & Hardley      | Washington | DC    | USA     |
| 1389   | Algodata Infosystems  | Berkeley   | CA    | USA     |
| 1622   | Five Lakes Publishing | Chicago    | IL    | USA     |
| 1756   | Ramona Publishers     | Dallas     | TX    | USA     |
| 9901   | GGG&G                 | MGnchen    | NULL  | Germany |
| 9952   | Scootney Books        | New York   | NY    | USA     |
| 9999   | Lucerne Publishing    | Paris      | NULL  | France  |
+--------+-----------------------+------------+-------+---------+
8 rows in set (0.00 sec)

mysql> SELECT p.pub_name, p.city, a.au_fname, a.au_lname, a.city FROM publishers p, authors a WHERE p.city = a.city;
+----------------------+----------+----------+----------+----------+
| pub_name             | city     | au_fname | au_lname | city     |
+----------------------+----------+----------+----------+----------+
| Algodata Infosystems | Berkeley | Cheryl   | Carson   | Berkeley |
| Algodata Infosystems | Berkeley | Abraham  | Bennet   | Berkeley |
+----------------------+----------+----------+----------+----------+
2 rows in set (0.05 sec)

mysql> -- 5
mysql> SELECT p.pub_name, p.city, a.au_fname, a.au_lname, a.city FROM publishers p, authors a WHERE p.city = a.city;
+----------------------+----------+----------+----------+----------+
| pub_name             | city     | au_fname | au_lname | city     |
+----------------------+----------+----------+----------+----------+
| Algodata Infosystems | Berkeley | Cheryl   | Carson   | Berkeley |
| Algodata Infosystems | Berkeley | Abraham  | Bennet   | Berkeley |
+----------------------+----------+----------+----------+----------+
2 rows in set (0.00 sec)

mysql> SELECT a.au_lname, a.city, p.pub_name, p.city FROM publishers p LEFT JOIN authors a ON p.city = a.city;
+----------+----------+-----------------------+------------+
| au_lname | city     | pub_name              | city       |
+----------+----------+-----------------------+------------+
| NULL     | NULL     | New Moon Books        | Boston     |
| NULL     | NULL     | Binnet & Hardley      | Washington |
| Bennet   | Berkeley | Algodata Infosystems  | Berkeley   |
| Carson   | Berkeley | Algodata Infosystems  | Berkeley   |
| NULL     | NULL     | Five Lakes Publishing | Chicago    |
| NULL     | NULL     | Ramona Publishers     | Dallas     |
| NULL     | NULL     | GGG&G                 | MGnchen    |
| NULL     | NULL     | Scootney Books        | New York   |
| NULL     | NULL     | Lucerne Publishing    | Paris      |
+----------+----------+-----------------------+------------+
9 rows in set (0.04 sec)

mysql> -- 6
mysql> SELECT DISTINCT t.pub_id, p.pub_name FROM publishers p JOIN titles t ON t.pub_id = p.pub_id WHERE type = 'business';
+--------+----------------------+
| pub_id | pub_name             |
+--------+----------------------+
| 1389   | Algodata Infosystems |
| 0736   | New Moon Books       |
+--------+----------------------+
2 rows in set (0.00 sec)

mysql> SELECT * FROM titles;
+----------+-----------------------------------------------------------------+--------------+--------+---------+------------+---------+-----------+-------------------------------------------------------------------------------------------------------------------------------------------------------------------------------------+------------+
| title_id | title                                                           | type         | pub_id | price   | advance    | royalty | ytd_sales | notes                                                                                                                                                                               | pubdate    |
+----------+-----------------------------------------------------------------+--------------+--------+---------+------------+---------+-----------+-------------------------------------------------------------------------------------------------------------------------------------------------------------------------------------+------------+
| BU1032   | The Busy Executive's Database Guide                             | business     | 1389   | 19.9900 |  5000.0000 |      10 |      4095 | An overview of available database systems with emphasis on common business applications. Illustrated.                                                                               | 1991-06-12 |
| BU1111   | Cooking with Computers: Surreptitious Balance Sheets            | business     | 1389   | 11.9500 |  5000.0000 |      10 |      3876 | Helpful hints on how to use your electronic resources to the best advantage.                                                                                                        | 1991-06-09 |
| BU2075   | You Can Combat Computer Stress!                                 | business     | 0736   |  2.9900 | 10125.0000 |      24 |     18722 | The latest medical and psychological techniques for living with the electronic office. Easy-to-understand explanations.                                                             | 1991-06-30 |
| BU7832   | Straight Talk About Computers                                   | business     | 1389   | 19.9900 |  5000.0000 |      10 |      4095 | Annotated analysis of what computers can do for you: a no-hype guide for the critical user.                                                                                         | 1991-06-22 |
| MC2222   | Silicon Valley Gastronomic Treats                               | mod_cook     | 0877   | 19.9900 |     0.0000 |      12 |      2032 | Favorite recipes for quick, easy, and elegant meals.                                                                                                                                | 1991-06-09 |
| MC3021   | The Gourmet Microwave                                           | mod_cook     | 0877   |  2.9900 | 15000.0000 |      24 |     22246 | Traditional French gourmet recipes adapted for modern microwave cooking.                                                                                                            | 1991-06-18 |
| MC3026   | The Psychology of Computer Cooking                              | UNDECIDED    | 0877   |    NULL |       NULL |    NULL |      NULL | NULL                                                                                                                                                                                | NULL       |
| PC1035   | But Is It User Friendly?                                        | popular_comp | 1389   | 22.9500 |  7000.0000 |      16 |      8780 | A survey of software for the naive user, focusing on the 'friendliness' of each.                                                                                                    | 1991-06-30 |
| PC8888   | Secrets of Silicon Valley                                       | popular_comp | 1389   | 20.0000 |  8000.0000 |      10 |      4095 | Muckraking reporting on the world's largest computer hardware and software manufacturers.                                                                                           | 1994-06-12 |
| PC9999   | Net Etiquette                                                   | popular_comp | 1389   |    NULL |       NULL |    NULL |      NULL | A must-read for computer conferencing.                                                                                                                                              | NULL       |
| PS1372   | Computer Phobic AND Non-Phobic Individuals: Behavior Variations | psychology   | 0877   | 21.5900 |  7000.0000 |      10 |       375 | A must for the specialist, this book examines the difference between those who hate and fear computers and those who don't.                                                         | 1991-10-21 |
| PS2091   | Is Anger the Enemy?                                             | psychology   | 0736   | 10.9500 |  2275.0000 |      12 |      2045 | Carefully researched study of the effects of strong emotions on the body. Metabolic charts included.                                                                                | 1991-06-15 |
| PS2106   | Life Without Fear                                               | psychology   | 0736   |  7.0000 |  6000.0000 |      10 |       111 | New exercise, meditation, and nutritional techniques that can reduce the shock of daily interactions. Popular audience. Sample menus included, exercise video available separately. | 1991-10-05 |
| PS3333   | Prolonged Data Deprivation: Four Case Studies                   | psychology   | 0736   | 19.9900 |  2000.0000 |      10 |      4072 | What happens when the data runs dry?  Searching evaluations of information-shortage effects.                                                                                        | 1991-06-12 |
| PS7777   | Emotional Security: A New Algorithm                             | psychology   | 0736   |  7.9900 |  4000.0000 |      10 |      3336 | Protecting yourself and your loved ones from undue emotional stress in the modern world. Use of computer and nutritional aids emphasized.                                           | 1991-06-12 |
| TC3218   | Onions, Leeks, and Garlic: Cooking Secrets of the Mediterranean | trad_cook    | 0877   | 20.9500 |  7000.0000 |      10 |       375 | Profusely illustrated in color, this makes a wonderful gift book for a cuisine-oriented friend.                                                                                     | 1991-10-21 |
| TC4203   | Fifty Years in Buckingham Palace Kitchens                       | trad_cook    | 0877   | 11.9500 |  4000.0000 |      14 |     15096 | More anecdotes from the Queen's favorite cook describing life among English royalty. Recipes, techniques, tender vignettes.                                                         | 1991-06-12 |
| TC7777   | Sushi, Anyone?                                                  | trad_cook    | 0877   | 14.9900 |  8000.0000 |      10 |      4095 | Detailed instructions on how to make authentic Japanese sushi in your spare time.                                                                                                   | 1991-06-12 |
+----------+-----------------------------------------------------------------+--------------+--------+---------+------------+---------+-----------+-------------------------------------------------------------------------------------------------------------------------------------------------------------------------------------+------------+
18 rows in set (0.00 sec)

mysql> -- 7
mysql> SELECT t.title, CONCAT(a.au_fname, ' ', a.au_lname) "Author's Name" FROM titles t JOIN titleauthor ta ON ta.title_id = t.title_id    JOIN authors a ON a.au_id  = ta.au_id;
+-----------------------------------------------------------------+-------------------------+
| title                                                           | Author's Name           |
+-----------------------------------------------------------------+-------------------------+
| The Busy Executive's Database Guide                             | Abraham Bennet          |
| Emotional Security: A New Algorithm                             | Charlene Locksley       |
| Net Etiquette                                                   | Charlene Locksley       |
| Silicon Valley Gastronomic Treats                               | Innes del Castillo      |
| Prolonged Data Deprivation: Four Case Studies                   | Johnson White           |
| The Busy Executive's Database Guide                             | Marjorie Green          |
| But Is It User Friendly?                                        | Cheryl Carson           |
| You Can Combat Computer Stress!                                 | Marjorie Green          |
| Is Anger the Enemy?                                             | Albert Ringer           |
| Is Anger the Enemy?                                             | Anne Ringer             |
| Life Without Fear                                               | Albert Ringer           |
| The Gourmet Microwave                                           | Michel DeFrance         |
| The Gourmet Microwave                                           | Anne Ringer             |
| Onions, Leeks, and Garlic: Cooking Secrets of the Mediterranean | Sylvia Panteley         |
| Straight Talk About Computers                                   | Dean Straight           |
| Secrets of Silicon Valley                                       | Ann Dull                |
| Secrets of Silicon Valley                                       | Sheryl Hunter           |
| Computer Phobic AND Non-Phobic Individuals: Behavior Variations | Livia Karsen            |
| Computer Phobic AND Non-Phobic Individuals: Behavior Variations | Stearns MacFeather      |
| Cooking with Computers: Surreptitious Balance Sheets            | Stearns MacFeather      |
| Cooking with Computers: Surreptitious Balance Sheets            | Michael O'Leary         |
| Sushi, Anyone?                                                  | Akiko Yokomoto          |
| Sushi, Anyone?                                                  | Michael O'Leary         |
| Sushi, Anyone?                                                  | Burt Gringlesby         |
| Fifty Years in Buckingham Palace Kitchens                       | Reginald Blotchet-Halls |
+-----------------------------------------------------------------+-------------------------+
25 rows in set (0.06 sec)

mysql> -- 8.a -create emp table
mysql> CREATE TABLE Employees(emp_id varchar(10), ename varchar(40), dept_id varchar(20),job varchar(35), mgr_id varchar(20), bsal decimal(10,4));
Query OK, 0 rows affected (0.21 sec)

mysql> SHOW TABLES;
+----------------+
| Tables_in_pubs |
+----------------+
| authors        |
| employees      |
| publishers     |
| titleauthor    |
| titles         |
+----------------+
5 rows in set (0.03 sec)

mysql> DESC Employees;
+---------+---------------+------+-----+---------+-------+
| Field   | Type          | Null | Key | Default | Extra |
+---------+---------------+------+-----+---------+-------+
| emp_id  | varchar(10)   | YES  |     | NULL    |       |
| ename   | varchar(40)   | YES  |     | NULL    |       |
| dept_id | varchar(20)   | YES  |     | NULL    |       |
| job     | varchar(35)   | YES  |     | NULL    |       |
| mgr_id  | varchar(20)   | YES  |     | NULL    |       |
| bsal    | decimal(10,4) | YES  |     | NULL    |       |
+---------+---------------+------+-----+---------+-------+
6 rows in set (0.03 sec)

mysql> insert into Employees values(101,'Sameer',10,'President',NULL,50000);
Query OK, 1 row affected (0.03 sec)

mysql> SELECT * FROM Employees;
+--------+--------+---------+-----------+--------+------------+
| emp_id | ename  | dept_id | job       | mgr_id | bsal       |
+--------+--------+---------+-----------+--------+------------+
| 101    | Sameer | 10      | President | NULL   | 50000.0000 |
+--------+--------+---------+-----------+--------+------------+
1 row in set (0.00 sec)

mysql> insert into Employees values(102,'Srinivas',10,'VP',101,40000);
Query OK, 1 row affected (0.02 sec)

mysql> insert into Employees values(103,'Nanda',20,'VP',101,40000);
Query OK, 1 row affected (0.02 sec)

mysql> insert into Employees values(104,'Ram',30,'DGM',102,35000);
Query OK, 1 row affected (0.02 sec)

mysql> insert into Employees values(105,'Vivek',20,'PM',103,30000);
Query OK, 1 row affected (0.02 sec)

mysql> insert into Employees values(106,'Venkat',20,'Tech Lead',105,25000);
Query OK, 1 row affected (0.01 sec)

mysql> select * from employees;
+--------+----------+---------+-----------+--------+------------+
| emp_id | ename    | dept_id | job       | mgr_id | bsal       |
+--------+----------+---------+-----------+--------+------------+
| 101    | Sameer   | 10      | President | NULL   | 50000.0000 |
| 102    | Srinivas | 10      | VP        | 101    | 40000.0000 |
| 103    | Nanda    | 20      | VP        | 101    | 40000.0000 |
| 104    | Ram      | 30      | DGM       | 102    | 35000.0000 |
| 105    | Vivek    | 20      | PM        | 103    | 30000.0000 |
| 106    | Venkat   | 20      | Tech Lead | 105    | 25000.0000 |
+--------+----------+---------+-----------+--------+------------+
6 rows in set (0.00 sec)

mysql> -- 8.b create departments
mysql> create table Departments(dept_id varchar(20), dname varchar(40),
    -> location varchar(40));
Query OK, 0 rows affected (0.06 sec)

mysql> select * from departments;
Empty set (0.02 sec)

mysql> desc departments;
+----------+-------------+------+-----+---------+-------+
| Field    | Type        | Null | Key | Default | Extra |
+----------+-------------+------+-----+---------+-------+
| dept_id  | varchar(20) | YES  |     | NULL    |       |
| dname    | varchar(40) | YES  |     | NULL    |       |
| location | varchar(40) | YES  |     | NULL    |       |
+----------+-------------+------+-----+---------+-------+
3 rows in set (0.00 sec)

mysql> insert into Departments values(10,'Crop','Dallas');
Query OK, 1 row affected (0.02 sec)

mysql> insert into Departments values(20,'PW','Bangalore');
Query OK, 1 row affected (0.01 sec)

mysql> insert into Departments values(30,'SP','Pune');
Query OK, 1 row affected (0.02 sec)

mysql> insert into Departments values(40,'MS','Hyderabad');
Query OK, 1 row affected (0.02 sec)

mysql> select * from departments;
+---------+-------+-----------+
| dept_id | dname | location  |
+---------+-------+-----------+
| 10      | Crop  | Dallas    |
| 20      | PW    | Bangalore |
| 30      | SP    | Pune      |
| 40      | MS    | Hyderabad |
+---------+-------+-----------+
4 rows in set (0.00 sec)

mysql> -- 8.c create salgrade function
mysql> CREATE TABLE salgrades(grade varchar(20), min_sal decimal(10,4), max_sal decimal(10,4));
Query OK, 0 rows affected (0.03 sec)

mysql> select * from salgrades;
Empty set (0.00 sec)

mysql> desc salgrades;
+---------+---------------+------+-----+---------+-------+
| Field   | Type          | Null | Key | Default | Extra |
+---------+---------------+------+-----+---------+-------+
| grade   | varchar(20)   | YES  |     | NULL    |       |
| min_sal | decimal(10,4) | YES  |     | NULL    |       |
| max_sal | decimal(10,4) | YES  |     | NULL    |       |
+---------+---------------+------+-----+---------+-------+
3 rows in set (0.00 sec)

mysql> insert into salgrades values('A',40001,50000);
Query OK, 1 row affected (0.02 sec)

mysql> insert into salgrades values('B',30001,40000);
Query OK, 1 row affected (0.03 sec)

mysql> insert into salgrades values('C',20001,30000);
Query OK, 1 row affected (0.01 sec)

mysql> select * from salgrades;
+-------+------------+------------+
| grade | min_sal    | max_sal    |
+-------+------------+------------+
| A     | 40001.0000 | 50000.0000 |
| B     | 30001.0000 | 40000.0000 |
| C     | 20001.0000 | 30000.0000 |
+-------+------------+------------+
3 rows in set (0.00 sec)

mysql> -- 9
mysql> desc employees;
+---------+---------------+------+-----+---------+-------+
| Field   | Type          | Null | Key | Default | Extra |
+---------+---------------+------+-----+---------+-------+
| emp_id  | varchar(10)   | YES  |     | NULL    |       |
| ename   | varchar(40)   | YES  |     | NULL    |       |
| dept_id | varchar(20)   | YES  |     | NULL    |       |
| job     | varchar(35)   | YES  |     | NULL    |       |
| mgr_id  | varchar(20)   | YES  |     | NULL    |       |
| bsal    | decimal(10,4) | YES  |     | NULL    |       |
+---------+---------------+------+-----+---------+-------+
6 rows in set (0.00 sec)

mysql> SELECT e.emp_id , e.ename , e.dept_id , d.dname FROM employees e JOIN departments d ON e.dept_id = d.dept_id;
+--------+----------+---------+-------+
| emp_id | ename    | dept_id | dname |
+--------+----------+---------+-------+
| 101    | Sameer   | 10      | Crop  |
| 102    | Srinivas | 10      | Crop  |
| 103    | Nanda    | 20      | PW    |
| 104    | Ram      | 30      | SP    |
| 105    | Vivek    | 20      | PW    |
| 106    | Venkat   | 20      | PW    |
+--------+----------+---------+-------+
6 rows in set (0.00 sec)

mysql> -- 10
mysql> SELECT * FROM employees;
+--------+----------+---------+-----------+--------+------------+
| emp_id | ename    | dept_id | job       | mgr_id | bsal       |
+--------+----------+---------+-----------+--------+------------+
| 101    | Sameer   | 10      | President | NULL   | 50000.0000 |
| 102    | Srinivas | 10      | VP        | 101    | 40000.0000 |
| 103    | Nanda    | 20      | VP        | 101    | 40000.0000 |
| 104    | Ram      | 30      | DGM       | 102    | 35000.0000 |
| 105    | Vivek    | 20      | PM        | 103    | 30000.0000 |
| 106    | Venkat   | 20      | Tech Lead | 105    | 25000.0000 |
+--------+----------+---------+-----------+--------+------------+
6 rows in set (0.00 sec)

mysql> select * from departments;
+---------+-------+-----------+
| dept_id | dname | location  |
+---------+-------+-----------+
| 10      | Crop  | Dallas    |
| 20      | PW    | Bangalore |
| 30      | SP    | Pune      |
| 40      | MS    | Hyderabad |
+---------+-------+-----------+
4 rows in set (0.00 sec)

mysql> SELECT DISTINCT e.job, e.dept_id, d.location FROM  employees e,  departments d WHERE e.dept_id = d.dept_id AND e.dept_id = 30;
+------+---------+----------+
| job  | dept_id | location |
+------+---------+----------+
| DGM  | 30      | Pune     |
+------+---------+----------+
1 row in set (0.03 sec)

mysql> desc employees;
+---------+---------------+------+-----+---------+-------+
| Field   | Type          | Null | Key | Default | Extra |
+---------+---------------+------+-----+---------+-------+
| emp_id  | varchar(10)   | YES  |     | NULL    |       |
| ename   | varchar(40)   | YES  |     | NULL    |       |
| dept_id | varchar(20)   | YES  |     | NULL    |       |
| job     | varchar(35)   | YES  |     | NULL    |       |
| mgr_id  | varchar(20)   | YES  |     | NULL    |       |
| bsal    | decimal(10,4) | YES  |     | NULL    |       |
+---------+---------------+------+-----+---------+-------+
6 rows in set (0.01 sec)

mysql> desc departments;
+----------+-------------+------+-----+---------+-------+
| Field    | Type        | Null | Key | Default | Extra |
+----------+-------------+------+-----+---------+-------+
| dept_id  | varchar(20) | YES  |     | NULL    |       |
| dname    | varchar(40) | YES  |     | NULL    |       |
| location | varchar(40) | YES  |     | NULL    |       |
+----------+-------------+------+-----+---------+-------+
3 rows in set (0.00 sec)

mysql> SELECT e.ename, d.dname, d.location, e.bsal FROM employees e, departments d WHERE e.dept_id = d.dept_id;
+----------+-------+-----------+------------+
| ename    | dname | location  | bsal       |
+----------+-------+-----------+------------+
| Sameer   | Crop  | Dallas    | 50000.0000 |
| Srinivas | Crop  | Dallas    | 40000.0000 |
| Nanda    | PW    | Bangalore | 40000.0000 |
| Ram      | SP    | Pune      | 35000.0000 |
| Vivek    | PW    | Bangalore | 30000.0000 |
| Venkat   | PW    | Bangalore | 25000.0000 |
+----------+-------+-----------+------------+
6 rows in set (0.00 sec)

mysql> -- 12
mysql> select * from employees;
+--------+----------+---------+-----------+--------+------------+
| emp_id | ename    | dept_id | job       | mgr_id | bsal       |
+--------+----------+---------+-----------+--------+------------+
| 101    | Sameer   | 10      | President | NULL   | 50000.0000 |
| 102    | Srinivas | 10      | VP        | 101    | 40000.0000 |
| 103    | Nanda    | 20      | VP        | 101    | 40000.0000 |
| 104    | Ram      | 30      | DGM       | 102    | 35000.0000 |
| 105    | Vivek    | 20      | PM        | 103    | 30000.0000 |
| 106    | Venkat   | 20      | Tech Lead | 105    | 25000.0000 |
+--------+----------+---------+-----------+--------+------------+
6 rows in set (0.00 sec)

mysql> SELECT e.ename, d.dname FROM employees e, departments d WHERE e.dept_id = d.dept_id AND e.ename LIKE '%A%';
+----------+-------+
| ename    | dname |
+----------+-------+
| Srinivas | Crop  |
| Sameer   | Crop  |
| Venkat   | PW    |
| Nanda    | PW    |
| Ram      | SP    |
+----------+-------+
5 rows in set (0.00 sec)

mysql> SELECT e.ename, d.dname    FROM employees e     JOIN departments d on d.dept_id = e.dept_id    WHERE e.ename regexp '[S]';
+----------+-------+
| ename    | dname |
+----------+-------+
| Sameer   | Crop  |
| Srinivas | Crop  |
+----------+-------+
2 rows in set (0.00 sec)

mysql> -- 13
mysql> select * from employees;
+--------+----------+---------+-----------+--------+------------+
| emp_id | ename    | dept_id | job       | mgr_id | bsal       |
+--------+----------+---------+-----------+--------+------------+
| 101    | Sameer   | 10      | President | NULL   | 50000.0000 |
| 102    | Srinivas | 10      | VP        | 101    | 40000.0000 |
| 103    | Nanda    | 20      | VP        | 101    | 40000.0000 |
| 104    | Ram      | 30      | DGM       | 102    | 35000.0000 |
| 105    | Vivek    | 20      | PM        | 103    | 30000.0000 |
| 106    | Venkat   | 20      | Tech Lead | 105    | 25000.0000 |
+--------+----------+---------+-----------+--------+------------+
6 rows in set (0.00 sec)

mysql> SELECT e.ename, e.job, e.dept_id,d.dname, d.location FROM employees e JOIN departments d ON (e.dept_id = d.dept_id) WHERE LOWER(d.location) = 'Dallas';
+----------+-----------+---------+-------+----------+
| ename    | job       | dept_id | dname | location |
+----------+-----------+---------+-------+----------+
| Sameer   | President | 10      | Crop  | Dallas   |
| Srinivas | VP        | 10      | Crop  | Dallas   |
+----------+-----------+---------+-------+----------+
2 rows in set (0.00 sec)

mysql> -- 14
mysql> select * from employees;
+--------+----------+---------+-----------+--------+------------+
| emp_id | ename    | dept_id | job       | mgr_id | bsal       |
+--------+----------+---------+-----------+--------+------------+
| 101    | Sameer   | 10      | President | NULL   | 50000.0000 |
| 102    | Srinivas | 10      | VP        | 101    | 40000.0000 |
| 103    | Nanda    | 20      | VP        | 101    | 40000.0000 |
| 104    | Ram      | 30      | DGM       | 102    | 35000.0000 |
| 105    | Vivek    | 20      | PM        | 103    | 30000.0000 |
| 106    | Venkat   | 20      | Tech Lead | 105    | 25000.0000 |
+--------+----------+---------+-----------+--------+------------+
6 rows in set (0.00 sec)

mysql> select * from departments;
+---------+-------+-----------+
| dept_id | dname | location  |
+---------+-------+-----------+
| 10      | Crop  | Dallas    |
| 20      | PW    | Bangalore |
| 30      | SP    | Pune      |
| 40      | MS    | Hyderabad |
+---------+-------+-----------+
4 rows in set (0.00 sec)

mysql> SELECT e.ename "Employee", e.emp_id "Emp No", m.ename "Manager", m.emp_id "Manager No."FROM employees e JOIN employees m ON m.emp_id = e.mgr_id;
+----------+--------+----------+-------------+
| Employee | Emp No | Manager  | Manager No. |
+----------+--------+----------+-------------+
| Nanda    | 103    | Sameer   | 101         |
| Srinivas | 102    | Sameer   | 101         |
| Ram      | 104    | Srinivas | 102         |
| Vivek    | 105    | Nanda    | 103         |
| Venkat   | 106    | Vivek    | 105         |
+----------+--------+----------+-------------+
5 rows in set (0.01 sec)

mysql> SELECT e.ename "Employee", e.emp_id "Emp No",e.mgr_id  FROM employees e where e.mgr_id IS NULL ;
+----------+--------+--------+
| Employee | Emp No | mgr_id |
+----------+--------+--------+
| Sameer   | 101    | NULL   |
+----------+--------+--------+
1 row in set (0.00 sec)

mysql> -- 16
mysql> SELECT * FROM salgrades;
+-------+------------+------------+
| grade | min_sal    | max_sal    |
+-------+------------+------------+
| A     | 40001.0000 | 50000.0000 |
| B     | 30001.0000 | 40000.0000 |
| C     | 20001.0000 | 30000.0000 |
+-------+------------+------------+
3 rows in set (0.00 sec)

mysql> SELECT e.ename, e.job, d.dname,e.bsal, s.grade FROM employees e, departments d, salgrades s WHERE e.dept_id = d.dept_id AND e.bsal BETWEEN s.min_sal AND s.max_sal;
+----------+-----------+-------+------------+-------+
| ename    | job       | dname | bsal       | grade |
+----------+-----------+-------+------------+-------+
| Srinivas | VP        | Crop  | 40000.0000 | B     |
| Sameer   | President | Crop  | 50000.0000 | A     |
| Venkat   | Tech Lead | PW    | 25000.0000 | C     |
| Vivek    | PM        | PW    | 30000.0000 | C     |
| Nanda    | VP        | PW    | 40000.0000 | B     |
| Ram      | DGM       | SP    | 35000.0000 | B     |
+----------+-----------+-------+------------+-------+
6 rows in set (0.00 sec)

mysql> \t
